City,Cloudiness,Country,Date,Humidity %,Latitude,Longitude,Temperature (F),Wind_Speed,Pressure
Dinghaicun,100.0,CN,1644132199.0,75.0,26.2847,119.7936,47.32,20.18,1026.0
Chiredzi,51.0,ZW,1644132201.0,66.0,-21.05,31.6667,76.95,12.44,1014.0
Rikitea,57.0,PF,1644132044.0,71.0,-23.1203,-134.9692,79.09,17.0,1022.0
Bambous Virieux,75.0,MU,1644131934.0,74.0,-20.3428,57.7575,84.45,18.41,1013.0
Narsaq,100.0,GL,1644132204.0,71.0,60.9167,-46.05,5.22,4.81,1002.0
Brae,77.0,GB,1644132206.0,60.0,60.3964,-1.353,39.11,22.39,979.0
Pauini,100.0,BR,1644132207.0,98.0,-7.7136,-66.9764,71.22,0.69,1010.0
Redmond,98.0,US,1644132209.0,88.0,47.674,-122.1215,38.7,1.01,1032.0
Bengkulu,100.0,ID,1644132210.0,69.0,-3.8004,102.2655,81.84,10.87,1009.0
Ōzu,79.0,JP,1644132211.0,47.0,33.5,132.55,40.62,18.32,1023.0
Nikolskoye,89.0,RU,1644132213.0,97.0,59.7035,30.7861,26.13,5.48,996.0
Albany,8.0,US,1644132214.0,76.0,42.6001,-73.9662,2.7,2.89,1032.0
Ancud,54.0,CL,1644132215.0,91.0,-41.8697,-73.8203,54.93,3.69,1018.0
Castro,88.0,BR,1644132218.0,98.0,-24.7911,-50.0119,61.7,4.5,1010.0
City of San Pedro,40.0,PH,1644132219.0,60.0,14.35,121.0167,84.4,13.8,1012.0
Saint Paul Harbor,100.0,US,1644131450.0,81.0,57.79,-152.4072,38.71,8.05,985.0
Lorengau,97.0,PG,1644132026.0,75.0,-2.0226,147.2712,83.43,11.59,1006.0
Tuktoyaktuk,100.0,CA,1644132224.0,100.0,69.4541,-133.0374,-20.76,8.86,1006.0
Bredasdorp,71.0,ZA,1644132031.0,73.0,-34.5322,20.0403,70.92,5.75,1012.0
Saint-Leu,100.0,RE,1644132227.0,70.0,-21.15,55.2833,85.06,2.3,1010.0
Mīnāb,20.0,IR,1644132228.0,50.0,27.1467,57.0801,75.52,6.91,1014.0
Chui,85.0,UY,1644131947.0,90.0,-33.6971,-53.4616,63.95,8.21,1008.0
Dabhoi,0.0,IN,1644132230.0,15.0,22.1833,73.4333,82.33,2.35,1014.0
Oodweyne,83.0,SO,1644132232.0,32.0,9.4092,45.064,77.88,6.51,1015.0
Port Elizabeth,20.0,ZA,1644132233.0,83.0,-33.918,25.5701,70.09,16.11,1017.0
Tambun,40.0,ID,1644132235.0,62.0,-6.2641,107.0712,87.82,11.5,1007.0
Hilo,100.0,US,1644132078.0,89.0,19.7297,-155.09,69.1,0.0,1020.0
Atuona,3.0,PF,1644132013.0,78.0,-9.8,-139.0333,79.03,24.05,1014.0
Bereda,100.0,ES,1644132239.0,97.0,43.2686,-7.5406,32.9,1.74,1034.0
Hobart,20.0,AU,1644132240.0,55.0,-42.8794,147.3294,68.34,1.01,1026.0
Bluff,0.0,NZ,1644132242.0,62.0,-46.6,168.3333,53.8,10.09,1024.0
Wilmington,0.0,US,1644132043.0,68.0,34.2257,-77.9447,35.01,10.36,1029.0
Zhigansk,92.0,RU,1644132244.0,99.0,66.7697,123.3711,-24.54,5.39,1025.0
Vaini,100.0,TO,1644132246.0,100.0,-21.2,-175.2,73.56,13.8,1010.0
Huari,100.0,PE,1644132247.0,95.0,-9.3333,-77.2333,41.58,2.04,1019.0
College,100.0,US,1644132038.0,81.0,64.8569,-147.8028,3.34,0.0,995.0
Yellowknife,0.0,CA,1644132189.0,69.0,62.456,-114.3525,-17.88,9.22,1012.0
Port Alfred,3.0,ZA,1644132252.0,75.0,-33.5906,26.891,75.97,26.19,1018.0
Kapaa,75.0,US,1644132253.0,84.0,22.0752,-159.319,69.04,8.05,1020.0
Mayna,83.0,RU,1644132254.0,95.0,54.1135,47.6231,16.18,5.93,1009.0
Kozhva,32.0,RU,1644132256.0,91.0,65.1073,57.0459,1.81,3.85,1021.0
Bato,84.0,PH,1644132257.0,60.0,13.3528,123.3677,84.11,8.48,1011.0
George Town,20.0,MY,1644132056.0,66.0,5.4112,100.3354,89.44,6.91,1009.0
Ushuaia,0.0,AR,1644132260.0,70.0,-54.8,-68.3,44.26,5.75,1012.0
Asău,26.0,RO,1644132261.0,75.0,46.4333,26.4,29.3,7.47,1022.0
Busselton,99.0,AU,1644132040.0,76.0,-33.65,115.3333,70.95,20.56,1000.0
Qaqortoq,100.0,GL,1644132025.0,70.0,60.7167,-46.0333,5.5,5.17,1001.0
Cherskiy,18.0,RU,1644132266.0,100.0,68.75,161.3,-29.65,2.44,1026.0
Hithadhoo,9.0,MV,1644132267.0,72.0,-0.6,73.0833,82.58,11.21,1012.0
Chernyshevskiy,100.0,RU,1644132269.0,93.0,63.0128,112.4714,2.1,2.24,1017.0
Cape Town,0.0,ZA,1644132250.0,45.0,-33.9258,18.4232,82.42,5.75,1011.0
Raja,100.0,SS,1644132271.0,18.0,8.4596,25.678,64.92,9.01,1018.0
Broome,12.0,US,1644132272.0,81.0,42.2506,-75.833,-1.25,4.0,1035.0
Saskylakh,98.0,RU,1644132275.0,100.0,71.9167,114.0833,-25.2,2.46,1022.0
Aketi,100.0,CD,1644132276.0,35.0,2.7388,23.7833,74.98,2.57,1014.0
Cidreira,8.0,BR,1644132198.0,92.0,-30.1811,-50.2056,71.67,8.16,1007.0
Tasiilaq,100.0,GL,1644132183.0,64.0,65.6145,-37.6368,10.56,6.91,1008.0
Mount Gambier,40.0,AU,1644132280.0,30.0,-37.8333,140.7667,82.31,14.97,1019.0
Ribeira Grande,20.0,PT,1644132282.0,82.0,38.5167,-28.7,57.6,14.97,1029.0
Puerto Ayora,58.0,EC,1644132284.0,94.0,-0.7393,-90.3518,74.55,5.99,1012.0
Port-Cartier,0.0,CA,1644132285.0,80.0,50.0334,-66.8654,-1.26,10.51,1028.0
Inta,67.0,RU,1644132286.0,96.0,66.0317,60.1659,-9.06,0.76,1023.0
Tiksi,99.0,RU,1644132288.0,99.0,71.6872,128.8694,-22.52,5.17,1023.0
Kathmandu,20.0,NP,1644132083.0,47.0,27.7167,85.3167,57.42,4.61,1017.0
Bathsheba,40.0,BB,1644132290.0,83.0,13.2167,-59.5167,75.81,9.22,1013.0
Kavaratti,7.0,IN,1644132292.0,61.0,10.5669,72.642,78.33,5.64,1014.0
Tuatapere,1.0,NZ,1644132038.0,61.0,-46.1333,167.6833,53.82,5.48,1023.0
Emporia,0.0,US,1644132294.0,69.0,38.4039,-96.1817,28.6,11.5,1019.0
Ayorou,0.0,NE,1644132295.0,18.0,14.7308,0.9174,60.35,9.66,1016.0
Miraflores,90.0,MX,1644132297.0,72.0,19.2167,-98.8083,54.61,2.57,1020.0
Richards Bay,1.0,ZA,1644132298.0,80.0,-28.783,32.0377,76.93,10.63,1020.0
Punta Arenas,40.0,CL,1644132299.0,87.0,-53.15,-70.9167,44.71,3.44,1013.0
Ostrovnoy,100.0,RU,1644132301.0,82.0,68.0531,39.5131,12.06,29.01,999.0
Dickinson,0.0,US,1644132302.0,83.0,29.4608,-95.0513,36.12,0.0,1027.0
Mar del Plata,75.0,AR,1644132304.0,95.0,-38.0023,-57.5575,57.78,1.01,1010.0
Qaanaaq,100.0,GL,1644132305.0,94.0,77.484,-69.3632,-3.77,4.09,1011.0
Garden City,75.0,US,1644132306.0,83.0,42.3256,-83.331,14.65,9.22,1027.0
Pangody,100.0,RU,1644132308.0,100.0,65.85,74.4859,-15.75,2.06,1028.0
São Filipe,0.0,CV,1644132309.0,72.0,14.8961,-24.4956,71.46,10.45,1013.0
Jamestown,40.0,US,1644132310.0,87.0,42.097,-79.2353,6.42,6.91,1029.0
Bossier City,0.0,US,1644132270.0,80.0,32.516,-93.7321,28.71,5.75,1026.0
Liku,100.0,ID,1644132314.0,71.0,-0.7275,119.8922,84.52,1.39,1007.0
Esperance,4.0,AU,1644132315.0,36.0,-33.8667,121.9,107.44,11.56,998.0
Mataura,1.0,NZ,1644132317.0,58.0,-46.1927,168.8643,53.47,3.78,1023.0
Acri,100.0,IT,1644132318.0,91.0,39.4929,16.3838,43.68,6.91,1021.0
Peace River,100.0,CA,1644132320.0,77.0,56.2501,-117.286,38.23,19.39,1013.0
Khatanga,99.0,RU,1644132321.0,98.0,71.9667,102.5,-20.43,7.63,1024.0
Feicheng,98.0,CN,1644132322.0,19.0,35.2606,117.9675,41.54,0.6,1031.0
Butaritari,100.0,KI,1644132324.0,75.0,3.0707,172.7902,82.53,16.62,1008.0
Avarua,75.0,CK,1644132325.0,83.0,-21.2078,-159.775,77.05,8.05,1016.0
Fallon,0.0,US,1644132326.0,58.0,39.4735,-118.7774,24.67,6.91,1032.0
Opelousas,0.0,US,1644132328.0,74.0,30.5335,-92.0815,32.04,3.44,1027.0
Kargil,96.0,IN,1644132329.0,84.0,34.5667,76.1,6.13,2.68,1032.0
Kumla,20.0,SE,1644132330.0,75.0,59.1277,15.1434,36.14,13.8,981.0
Fare,100.0,PF,1644132332.0,74.0,-16.7,-151.0167,81.23,21.21,1016.0
Airai,72.0,TL,1644132333.0,74.0,-8.9266,125.4092,71.64,3.18,1008.0
Maxixe,63.0,MZ,1644132334.0,78.0,-23.8597,35.3472,79.27,16.6,1012.0
Emerald,40.0,AU,1644132336.0,30.0,-23.5333,148.1667,87.94,9.22,1010.0
Moskovskiy,75.0,RU,1644132337.0,87.0,55.5991,37.355,13.62,8.99,1001.0
Kilcormac,100.0,IE,1644132339.0,89.0,53.1742,-7.7256,43.79,18.7,1005.0
Souillac,75.0,MU,1644132340.0,74.0,-20.5167,57.5167,84.58,18.41,1013.0
Hasaki,99.0,JP,1644132341.0,30.0,35.7333,140.8333,43.95,14.58,1013.0
Maragogi,92.0,BR,1644132343.0,75.0,-9.0122,-35.2225,77.32,4.32,1011.0
Sanghar,0.0,PK,1644132344.0,19.0,26.0466,68.9481,66.27,7.4,1013.0
Aklavik,100.0,CA,1644132345.0,95.0,68.2191,-135.0107,-24.77,14.07,1008.0
General Pico,0.0,AR,1644132347.0,60.0,-35.6566,-63.7568,51.75,5.39,1019.0
Dharmanagar,0.0,IN,1644132348.0,37.0,24.3667,92.1667,73.02,4.14,1015.0
Wewak,99.0,PG,1644132349.0,78.0,-3.5534,143.6268,83.26,15.9,1006.0
Saint-Augustin,100.0,CA,1644132351.0,73.0,51.226,-58.6502,1.35,18.52,1014.0
Arraial do Cabo,73.0,BR,1644132352.0,90.0,-22.9661,-42.0278,75.13,23.2,1007.0
Sibu,40.0,MY,1644132353.0,66.0,2.3,111.8167,89.91,2.3,1006.0
Holme,25.0,DK,1644132355.0,90.0,56.1138,10.1725,36.93,12.62,991.0
‘Ewa Beach,0.0,US,1644132356.0,69.0,21.3156,-158.0072,74.01,10.0,1019.0
Codrington,100.0,AU,1644132357.0,49.0,-38.2667,141.9667,74.86,20.0,1020.0
Yuzawa,100.0,JP,1644132359.0,93.0,39.1667,140.5,26.42,13.49,1013.0
Saint George,0.0,US,1644132232.0,36.0,37.1041,-113.5841,38.19,3.0,1028.0
Maningrida,99.0,AU,1644132361.0,75.0,-12.0667,134.2667,83.39,12.88,1005.0
Kashgar,75.0,CN,1644132363.0,80.0,39.4547,75.9797,25.81,4.47,1018.0
Barrow,100.0,US,1644132364.0,69.0,71.2906,-156.7887,-18.38,8.05,1013.0
Belmonte,38.0,BR,1644132365.0,85.0,-15.8631,-38.8828,73.9,4.41,1012.0
Pevek,31.0,RU,1644132049.0,99.0,69.7008,170.3133,-25.73,2.42,1028.0
Sarakhs,75.0,IR,1644132369.0,87.0,36.5449,61.1577,46.54,0.0,1018.0
Waipawa,100.0,NZ,1644132370.0,83.0,-41.4122,175.5153,53.17,11.61,1021.0
San Andrés,40.0,CO,1644132372.0,78.0,12.5847,-81.7006,78.82,8.05,1014.0
Sambava,71.0,MG,1644132373.0,59.0,-14.2667,50.1667,85.35,3.31,1006.0
Hofn,100.0,IS,1644132374.0,67.0,64.2539,-15.2082,32.81,18.59,987.0
Altay,0.0,CN,1644132376.0,70.0,47.8667,88.1167,20.73,1.54,1030.0
Xingyi,65.0,CN,1644132377.0,80.0,24.1877,102.817,52.88,12.44,1009.0
Monte Patria,0.0,CL,1644132378.0,53.0,-30.6919,-70.9467,70.03,1.43,1012.0
Shiyan,100.0,CN,1644132380.0,51.0,32.6475,110.7781,42.4,9.66,1027.0
Katsuura,36.0,JP,1644132381.0,33.0,35.1333,140.3,43.02,3.36,1012.0
Longyearbyen,75.0,SJ,1644132384.0,67.0,78.2186,15.6401,17.44,19.57,990.0
Minsk,100.0,BY,1644132140.0,89.0,53.9,27.5667,31.75,12.8,1007.0
Aras,0.0,ES,1644132386.0,93.0,42.5617,-2.356,28.06,9.22,1031.0
Bethel,0.0,US,1644132257.0,70.0,41.3712,-73.414,12.34,3.44,1034.0
Vetlanda,89.0,SE,1644132388.0,90.0,57.4289,15.0776,34.39,9.89,988.0
Hermanus,96.0,ZA,1644132390.0,59.0,-34.4187,19.2345,81.81,4.14,1011.0
Nsanje,7.0,MW,1644132391.0,76.0,-16.92,35.262,79.68,3.8,1011.0
Bitung,92.0,ID,1644132269.0,76.0,1.4451,125.1824,88.65,12.24,1007.0
Moorhead,100.0,US,1644132395.0,78.0,46.8739,-96.7676,10.78,1.01,1016.0
San Carlos,64.0,VE,1644132121.0,74.0,9.6612,-68.5827,72.32,3.85,1011.0
Almaznyy,100.0,RU,1644132399.0,94.0,48.0448,40.045,26.74,8.12,1013.0
Vuktyl,14.0,RU,1644132400.0,85.0,63.8567,57.3094,11.16,5.21,1020.0
Beringovskiy,52.0,RU,1644132401.0,97.0,63.05,179.3167,-13.47,11.41,1023.0
Deer Lake,100.0,CA,1644132403.0,73.0,49.1667,-57.4316,13.86,2.3,1009.0
Imbituba,100.0,BR,1644132252.0,94.0,-28.24,-48.6703,75.09,4.38,1006.0
Aksarka,77.0,RU,1644132405.0,100.0,66.5606,67.7975,-16.11,3.98,1027.0
Haines Junction,100.0,CA,1644132409.0,100.0,60.7522,-137.5108,24.75,1.14,994.0
Marawi,79.0,PH,1644132410.0,75.0,7.9986,124.2928,73.65,8.19,1009.0
Kuala Pilah,100.0,MY,1644132412.0,52.0,2.7389,102.2487,85.03,4.9,1008.0
Severnyy,75.0,RU,1644132413.0,93.0,50.677,36.5532,30.24,11.18,1008.0
Cabedelo,60.0,BR,1644132253.0,72.0,-6.9811,-34.8339,74.07,8.61,1011.0
Awjilah,7.0,LY,1644132415.0,49.0,29.1081,21.2869,54.59,7.43,1026.0
Kavieng,99.0,PG,1644132417.0,75.0,-2.5744,150.7967,83.35,9.64,1007.0
Zaysan,1.0,KZ,1644132418.0,66.0,47.4667,84.8667,23.04,1.92,1024.0
Sapa,100.0,PH,1644132419.0,75.0,5.1544,120.3241,83.12,13.89,1008.0
Province of Trapani,20.0,IT,1644132421.0,87.0,37.8333,12.6667,48.13,4.61,1022.0
Turaif,75.0,SA,1644132422.0,100.0,31.6725,38.6637,44.85,9.22,1024.0
Dikson,100.0,RU,1644132424.0,100.0,73.5069,80.5464,-22.97,4.74,1026.0
Kralendijk,75.0,BQ,1644132425.0,88.0,12.15,-68.2667,75.18,4.61,1012.0
Bubaque,3.0,GW,1644132426.0,61.0,11.2833,-15.8333,77.52,7.47,1010.0
Pimenta Bueno,41.0,BR,1644132428.0,98.0,-11.6725,-61.1936,71.17,0.98,1010.0
Lüderitz,54.0,NA,1644132429.0,81.0,-26.6481,15.1594,68.05,4.54,1014.0
Loíza,75.0,PR,1644132430.0,95.0,18.4313,-65.8802,70.95,11.5,1016.0
Bozüyük,100.0,TR,1644132432.0,72.0,39.9078,30.0367,27.36,1.88,1025.0
Khani,100.0,GE,1644132433.0,89.0,41.9563,42.9566,26.17,3.09,1024.0
Lagoa,0.0,PT,1644132434.0,71.0,39.05,-27.9833,59.34,16.91,1030.0
Biak,78.0,ID,1644132437.0,71.0,-0.9131,122.8766,83.55,0.27,1007.0
Nouadhibou,75.0,MR,1644132438.0,94.0,20.931,-17.0347,62.58,9.22,1014.0
Fairbanks,100.0,US,1644132157.0,81.0,64.8378,-147.7164,3.33,0.0,994.0
Staryy Nadym,100.0,RU,1644132442.0,100.0,65.6118,72.6842,-10.28,1.88,1028.0
Cabo San Lucas,7.0,MX,1644132405.0,73.0,22.8909,-109.9124,62.76,8.01,1011.0
Fortuna,0.0,US,1644132444.0,100.0,40.5982,-124.1573,41.92,10.36,1025.0
Ambon City,75.0,ID,1644132353.0,62.0,-3.6954,128.1814,87.94,3.44,1006.0
Iqaluit,0.0,CA,1644132447.0,73.0,63.7506,-68.5145,-34.31,3.0,1010.0
Solnechnyy,100.0,RU,1644132279.0,95.0,50.7214,136.6319,7.23,2.44,1017.0
Praia da Vitória,40.0,PT,1644132449.0,94.0,38.7333,-27.0667,57.45,13.96,1030.0
Carnarvon,10.0,AU,1644132451.0,61.0,-24.8667,113.6333,84.27,23.02,1005.0
Dalvik,100.0,IS,1644132452.0,84.0,65.9702,-18.5286,28.33,22.73,995.0
Burnie,0.0,AU,1644132453.0,53.0,-41.0667,145.9167,69.94,7.02,1028.0
Hobyo,5.0,SO,1644132455.0,55.0,5.3505,48.5268,80.73,14.85,1014.0
Coquimbo,75.0,CL,1644132196.0,94.0,-29.9533,-71.3436,60.53,3.44,1012.0
Mithi,0.0,PK,1644132457.0,29.0,24.7318,69.7981,77.31,8.9,1014.0
Kamaishi,81.0,JP,1644132277.0,55.0,39.2667,141.8833,27.55,12.59,1010.0
Naze,100.0,JP,1644132461.0,66.0,28.3667,129.4833,50.92,14.41,1024.0
Kieta,79.0,PG,1644132462.0,77.0,-6.2167,155.6333,84.31,8.86,1007.0
Saint-Philippe,100.0,RE,1644132464.0,78.0,-21.3585,55.7679,85.59,20.45,1012.0
Norman Wells,75.0,CA,1644132465.0,69.0,65.282,-126.8329,-18.36,2.3,1002.0
Mayor Pablo Lagerenza,100.0,PY,1644132466.0,97.0,-19.9309,-60.7718,70.99,6.02,1011.0
Polyarny,100.0,RU,1644132468.0,82.0,69.1989,33.4478,17.47,21.68,990.0
Hailun,100.0,CN,1644132469.0,86.0,47.45,126.9333,10.96,7.23,1022.0
Kyren,83.0,RU,1644132470.0,76.0,51.6828,102.1408,26.1,0.58,1029.0
Clyde River,0.0,CA,1644132472.0,67.0,70.4692,-68.5914,-36.17,3.44,1006.0
Maniitsoq,100.0,GL,1644132473.0,92.0,65.4167,-52.9,1.56,8.14,1007.0
Isangel,100.0,VU,1644132193.0,89.0,-19.55,169.2667,80.29,14.47,1004.0
Husavik,100.0,IS,1644132475.0,73.0,66.0449,-17.3389,28.31,22.79,994.0
Cananéia,80.0,BR,1644132477.0,90.0,-25.0147,-47.9267,76.46,4.7,1006.0
Chapais,100.0,CA,1644132478.0,100.0,49.7834,-74.8492,-27.62,3.58,1034.0
Salalah,0.0,OM,1644132480.0,61.0,17.0151,54.0924,80.69,4.61,1015.0
Oddur,10.0,SO,1644132318.0,35.0,4.1213,43.8894,82.98,16.58,1014.0
Bandi̇̄pur,19.0,NP,1644132483.0,53.0,27.9333,84.4167,58.68,3.89,1015.0
Ilulissat,100.0,GL,1644132485.0,42.0,69.2167,-51.1,1.42,13.8,1006.0
Hong Kong,99.0,HK,1644132318.0,73.0,22.2855,114.1577,64.78,1.01,1019.0
Rebrikha,14.0,RU,1644132487.0,86.0,53.0733,82.3408,18.63,5.61,1028.0
Bhātāpāra,7.0,IN,1644132488.0,18.0,21.7333,81.9333,77.54,1.48,1015.0
New Norfolk,0.0,AU,1644132490.0,40.0,-42.7826,147.0587,69.13,1.99,1028.0
Raudeberg,37.0,NO,1644132491.0,84.0,61.9875,5.1352,34.92,7.0,971.0
Chumikan,49.0,RU,1644132493.0,77.0,54.7183,135.315,3.33,9.53,1019.0
The Valley,92.0,AI,1644132494.0,77.0,18.217,-63.0578,75.06,21.68,1015.0
Perivólia,20.0,GR,1644132495.0,76.0,35.4833,23.9833,52.72,0.0,1020.0
Urambo,97.0,TZ,1644132497.0,82.0,-5.0667,32.05,70.99,3.62,1014.0
Poum,100.0,NC,1644132498.0,87.0,-20.2333,164.0167,78.57,5.84,1003.0
Smithers,75.0,CA,1644132499.0,56.0,54.7804,-127.1743,37.72,6.91,1017.0
Malakal,10.0,SS,1644132501.0,12.0,9.5334,31.6605,74.44,14.41,1015.0
Tinogboc,50.0,PH,1644132502.0,78.0,12.0074,121.4122,80.17,26.11,1010.0
Leningradskiy,24.0,RU,1644132503.0,98.0,69.3833,178.4167,-22.38,3.91,1028.0
Touros,99.0,BR,1644132359.0,74.0,-5.1989,-35.4608,74.3,8.21,1010.0
Nkhata Bay,100.0,MW,1644132506.0,81.0,-11.6066,34.2907,73.65,1.43,1012.0
Eureka,1.0,US,1644132240.0,69.0,40.8021,-124.1637,39.81,4.27,1024.0
Ponedera,0.0,CO,1644132508.0,84.0,10.641,-74.7503,78.94,2.15,1009.0
Chone,96.0,EC,1644132510.0,96.0,-0.6833,-80.1,72.9,1.79,1012.0
Chokurdakh,100.0,RU,1644132511.0,100.0,70.6333,147.9167,-34.82,2.33,1025.0
Sitka,100.0,US,1644132513.0,87.0,57.0531,-135.33,46.29,28.77,1001.0
Sirte,90.0,LY,1644132514.0,40.0,31.2089,16.5887,58.51,9.53,1024.0
San Vicente,99.0,AR,1644132516.0,98.0,-26.6167,-54.1333,62.04,2.37,1012.0
Kandrian,100.0,PG,1644132518.0,65.0,-6.2167,149.55,87.22,14.92,1005.0
Prabumulih,81.0,ID,1644132421.0,70.0,-3.45,104.25,83.93,7.07,1008.0
Grand Gaube,100.0,MU,1644132520.0,74.0,-20.0064,57.6608,84.38,10.0,1013.0
Matara,97.0,LK,1644132522.0,45.0,5.9485,80.5353,88.29,5.59,1011.0
Liepāja,100.0,LV,1644132523.0,93.0,56.5419,21.0367,37.38,23.02,993.0
Mount Isa,75.0,AU,1644132524.0,24.0,-20.7333,139.5,92.97,4.61,1006.0
Faanui,19.0,PF,1644132526.0,74.0,-16.4833,-151.75,81.36,20.78,1015.0
Bay Roberts,100.0,CA,1644132527.0,91.0,47.5999,-53.2648,23.2,11.01,999.0
Cotonou,20.0,BJ,1644132467.0,94.0,6.3654,2.4183,78.78,4.61,1011.0
Port-Gentil,40.0,GA,1644132529.0,89.0,-0.7193,8.7815,80.56,4.61,1011.0
Cedral,11.0,MX,1644132531.0,67.0,23.8,-100.7333,46.6,9.15,1021.0
Cap-aux-Meules,100.0,CA,1644132532.0,85.0,47.3821,-61.8597,12.22,26.46,1020.0
Cascais,0.0,PT,1644132535.0,61.0,38.6979,-9.4215,49.6,1.01,1027.0
Iwanai,100.0,JP,1644132536.0,70.0,42.9744,140.5089,26.02,10.09,1009.0
Port Lincoln,0.0,AU,1644132537.0,42.0,-34.7333,135.8667,78.46,15.26,1014.0
Yinchuan,100.0,CN,1644132539.0,28.0,38.4681,106.2731,27.05,5.57,1028.0
Te Anau,0.0,NZ,1644132540.0,53.0,-45.4167,167.7167,60.57,4.81,1020.0
La Ronge,100.0,CA,1644132541.0,77.0,55.1001,-105.2842,-3.75,1.14,1025.0
Camacha,40.0,PT,1644132543.0,77.0,33.0833,-16.3333,60.21,17.27,1024.0
Amga,100.0,RU,1644132545.0,98.0,60.8953,131.9608,-12.03,1.01,1026.0
Intipucá,0.0,SV,1644132547.0,61.0,13.1969,-88.0544,73.33,5.44,1013.0
Bam,5.0,IR,1644132548.0,28.0,29.106,58.357,54.61,6.49,1017.0
Dehlorān,0.0,IR,1644132549.0,42.0,32.6941,47.2679,55.94,2.89,1021.0
Tilichiki,0.0,RU,1644132551.0,83.0,60.4667,166.1,-9.22,8.19,1018.0
Tangzhai,100.0,CN,1644132552.0,19.0,34.4328,116.5911,43.41,5.1,1030.0
Yatou,100.0,CN,1644132553.0,40.0,37.15,122.3833,34.41,11.27,1030.0
Santa Rosa,65.0,PH,1644132555.0,63.0,14.3122,121.1114,85.59,18.97,1012.0
Lompoc,0.0,US,1644132047.0,84.0,34.6391,-120.4579,46.99,6.91,1022.0
Neiafu,100.0,TO,1644132557.0,85.0,-18.65,-173.9833,77.34,19.17,1013.0
Gigmoto,37.0,PH,1644132560.0,72.0,13.7796,124.39,80.69,14.99,1012.0
Talcahuano,0.0,CL,1644132561.0,88.0,-36.7167,-73.1167,55.08,8.05,1013.0
East London,20.0,ZA,1644132562.0,78.0,-33.0153,27.9116,76.14,13.8,1020.0
Sept-Îles,0.0,CA,1644132541.0,56.0,50.2001,-66.3821,-0.96,5.99,1025.0
Tabas,20.0,IR,1644132565.0,62.0,33.5959,56.9244,50.22,4.61,1017.0
Pālampur,100.0,IN,1644132566.0,67.0,32.1167,76.5333,54.48,4.92,1016.0
Saldanha,62.0,ZA,1644132568.0,57.0,-33.0117,17.9442,75.25,6.91,1012.0
Taltal,7.0,CL,1644132569.0,84.0,-25.4,-70.4833,65.57,1.59,1013.0
Havøysund,18.0,NO,1644132571.0,73.0,70.9963,24.6622,31.08,28.1,975.0
Vestmannaeyjar,26.0,IS,1644132574.0,72.0,63.4427,-20.2734,30.96,23.33,991.0
Bilma,0.0,NE,1644132575.0,23.0,18.6853,12.9164,55.51,7.2,1022.0
Lora del Río,0.0,ES,1644132345.0,88.0,37.659,-5.5275,44.56,6.17,1026.0
Shache,100.0,CN,1644132578.0,41.0,38.4167,77.2406,32.16,4.85,1022.0
Revda,100.0,RU,1644132580.0,90.0,56.801,59.9303,9.41,8.86,1013.0
Beroroha,100.0,MG,1644132582.0,91.0,-21.6667,45.1667,74.19,13.78,994.0
Vanimo,74.0,PG,1644132583.0,74.0,-2.6741,141.3028,83.82,9.55,1007.0
Nemuro,84.0,JP,1644132584.0,65.0,43.3236,145.575,25.23,24.02,1004.0
Pacific Grove,0.0,US,1644132415.0,69.0,36.6177,-121.9166,48.6,4.0,1023.0
Vostochnyy,100.0,RU,1644132587.0,95.0,55.8167,37.8667,14.07,6.38,1004.0
Nālūt,100.0,LY,1644132588.0,27.0,30.3333,10.85,51.1,9.55,1024.0
Lavrentiya,29.0,RU,1644132589.0,92.0,65.5833,-171.0,-16.87,10.36,1020.0
Ilo,36.0,PE,1644132591.0,80.0,-17.6394,-71.3375,68.92,5.21,1013.0
Winnemucca,0.0,US,1644132592.0,68.0,40.973,-117.7357,24.85,4.61,1033.0
Rabak,0.0,SD,1644132594.0,19.0,13.1809,32.74,68.49,17.6,1019.0
Kaitangata,0.0,NZ,1644132595.0,64.0,-46.2817,169.8464,51.19,4.59,1025.0
Vostok,100.0,RU,1644132596.0,90.0,46.4856,135.8833,1.49,6.04,1019.0
Conakry,44.0,GN,1644132372.0,94.0,9.538,-13.6773,75.27,2.3,1010.0
Shingū,95.0,JP,1644132599.0,48.0,33.7333,135.9833,41.92,12.48,1019.0
Matagami,100.0,CA,1644132600.0,70.0,49.7502,-77.6328,-14.69,3.44,1025.0
Constitución,0.0,CL,1644132602.0,67.0,-35.3333,-72.4167,61.25,4.88,1011.0
Buala,51.0,SB,1644132605.0,83.0,-8.145,159.5921,81.73,7.96,1008.0
Thompson,0.0,CA,1644132395.0,75.0,55.7435,-97.8558,-27.24,4.61,1024.0
Torbay,100.0,CA,1644132607.0,94.0,47.6666,-52.7314,25.79,27.63,994.0
Saint-Michel-des-Saints,100.0,CA,1644132610.0,98.0,46.6834,-73.9159,-1.41,1.25,1037.0
Ziniaré,1.0,BF,1644132612.0,15.0,12.5822,-1.2983,62.64,10.94,1014.0
Mamakan,100.0,RU,1644132614.0,95.0,57.8161,114.0028,14.63,2.26,1021.0
Pula,20.0,HR,1644132615.0,93.0,44.8683,13.8481,37.96,2.3,1023.0
Nioro,0.0,GM,1644132617.0,20.0,13.35,-15.75,71.33,5.28,1011.0
Hamilton,0.0,US,1644132330.0,90.0,39.1834,-84.5333,14.49,0.0,1028.0
Abu Samrah,6.0,SY,1644132620.0,67.0,35.3029,37.1841,52.27,14.7,1022.0
El Carmen,85.0,CO,1644132621.0,86.0,8.5106,-73.4478,66.76,3.89,1012.0
Kerman,0.0,IR,1644132623.0,31.0,30.2832,57.0788,48.06,6.91,1018.0
Barbosa Ferraz,100.0,BR,1644132624.0,98.0,-24.03,-52.0117,67.6,2.21,1010.0
Beyneu,100.0,KZ,1644132626.0,70.0,45.3167,55.2,30.36,20.65,1015.0
Paracuru,25.0,BR,1644132627.0,87.0,-3.41,-39.0306,81.1,6.02,1010.0
Muborak,100.0,UZ,1644132628.0,66.0,39.2553,65.1528,44.64,16.98,1017.0
Dingle,62.0,PH,1644132630.0,70.0,10.9995,122.6711,82.71,14.94,1010.0
Palmer,11.0,US,1644132632.0,74.0,42.1584,-72.3287,10.26,2.84,1036.0
Pushkino,100.0,RU,1644132634.0,93.0,56.0172,37.8667,14.27,6.53,1004.0
Zambezi,100.0,ZM,1644132635.0,95.0,-13.5432,23.1047,65.52,3.0,1013.0
Río Gallegos,0.0,AR,1644132636.0,82.0,-51.6226,-69.2181,51.85,2.3,1016.0
Omboué,17.0,GA,1644132638.0,74.0,-1.5746,9.2618,81.0,5.48,1013.0
Arrondissement de Mende,69.0,FR,1644132640.0,77.0,44.6667,3.5,25.61,2.77,1031.0
Tabou,80.0,CI,1644132642.0,82.0,4.423,-7.3528,79.47,1.36,1011.0
Kuršumlija,7.0,RS,1644132643.0,81.0,43.1458,21.2686,29.75,2.39,1027.0
Cap Malheureux,100.0,MU,1644132644.0,74.0,-19.9842,57.6142,84.47,8.01,1013.0
Alta Floresta,96.0,BR,1644132646.0,97.0,-9.8756,-56.0861,69.76,1.61,1010.0
San Felipe,77.0,VE,1644132647.0,98.0,10.3399,-68.7425,68.52,2.77,1012.0
Acapulco de Juárez,20.0,MX,1644132648.0,73.0,16.8634,-99.8901,75.02,3.44,1014.0
Shitanjing,100.0,CN,1644132650.0,27.0,39.2342,106.3439,21.25,7.02,1029.0
Lázaro Cárdenas,0.0,MX,1644132651.0,81.0,17.9583,-102.2,70.52,3.11,1015.0
Deesa,0.0,IN,1644132652.0,19.0,24.25,72.1667,81.91,9.06,1013.0
Krasnosel'kup,90.0,RU,1644132654.0,98.0,65.7,82.4667,-4.76,5.37,1026.0
Talnakh,82.0,RU,1644132655.0,100.0,69.4865,88.3972,-9.8,1.79,1025.0
Maunabo,93.0,PR,1644132656.0,93.0,18.0072,-65.8993,70.99,10.45,1015.0
Coahuayana Viejo,8.0,MX,1644132658.0,84.0,18.7333,-103.6833,66.31,4.7,1015.0
Umm Kaddadah,71.0,SD,1644132659.0,21.0,13.6017,26.6876,62.64,22.77,1021.0
Shimoda,17.0,JP,1644132660.0,46.0,34.6667,138.95,41.11,23.44,1013.0
Areosa,29.0,PT,1644132662.0,75.0,41.7178,-8.8571,45.27,6.35,1030.0
Concarneau,100.0,FR,1644132663.0,81.0,47.875,-3.9225,50.97,21.59,1022.0
Luganville,100.0,VU,1644132665.0,83.0,-15.5333,167.1667,80.49,4.25,1006.0
Mossamedes,90.0,AO,1644132666.0,53.0,-15.1961,12.1522,76.87,6.4,1013.0
Vila Franca do Campo,97.0,PT,1644132667.0,86.0,37.7167,-25.4333,60.19,17.16,1029.0
Zhuhai,20.0,CN,1644132669.0,67.0,22.2769,113.5678,63.52,6.91,1019.0
Kwang Binh,100.0,VN,1644132567.0,84.0,17.4833,106.6,64.18,5.93,1016.0
Aloleng,30.0,PH,1644132671.0,60.0,16.1307,119.7824,84.0,3.87,1011.0
São João da Barra,0.0,BR,1644132507.0,88.0,-21.6403,-41.0511,74.52,15.03,1010.0
Luena,100.0,AO,1644132674.0,73.0,-11.7833,19.9167,68.11,7.36,1015.0
Vardø,99.0,NO,1644132675.0,80.0,70.3705,31.1107,26.28,27.72,985.0
Flin Flon,88.0,CA,1644132676.0,100.0,54.7682,-101.865,-13.29,3.15,1028.0
Upernavik,100.0,GL,1644132678.0,96.0,72.7868,-56.1549,-4.23,4.63,1008.0
Kiryat Gat,86.0,IL,1644132679.0,100.0,31.61,34.7642,55.49,10.25,1026.0
Mahébourg,75.0,MU,1644132680.0,74.0,-20.4081,57.7,84.49,18.41,1013.0
Kidal,0.0,ML,1644132682.0,15.0,18.4411,1.4078,61.77,12.57,1019.0
Vildbjerg,66.0,DK,1644132683.0,92.0,56.2,8.7667,37.94,12.73,990.0
Nzega,100.0,RW,1644132684.0,76.0,-2.479,29.5564,63.77,1.59,1016.0
Kendari,38.0,ID,1644132686.0,70.0,-3.945,122.4989,84.97,8.52,1006.0
Yuncheng,97.0,CN,1644132688.0,50.0,35.0231,110.9928,37.72,10.2,1027.0
Lebu,3.0,CL,1644132690.0,92.0,-37.6167,-73.65,56.41,13.78,1014.0
Igarka,98.0,RU,1644132692.0,97.0,67.4667,86.5833,0.64,0.76,1024.0
Mattru,47.0,SL,1644132694.0,90.0,7.6244,-11.8332,72.77,1.81,1012.0
Tlapacoyan,1.0,MX,1644132695.0,87.0,19.9667,-97.2167,46.9,3.0,1025.0
Kholtoson,50.0,RU,1644132696.0,64.0,50.2981,103.3097,17.28,3.04,1032.0
Rodeo,0.0,US,1644132698.0,78.0,38.033,-122.2669,49.06,0.0,1014.0
Caravelas,97.0,BR,1644132699.0,93.0,-17.7125,-39.2481,73.85,3.04,1012.0
Geraldton,40.0,AU,1644132674.0,53.0,-28.7667,114.6,79.21,17.27,1005.0
Mama,100.0,RU,1644132702.0,95.0,58.3106,112.8986,15.15,6.71,1020.0
Howard Springs,94.0,AU,1644132703.0,86.0,-12.497,131.047,84.85,6.91,1006.0
Teya,100.0,RU,1644132704.0,87.0,60.3778,92.6267,16.47,3.58,1025.0
Antanifotsy,100.0,MG,1644132706.0,91.0,-19.65,47.3167,63.41,9.84,1007.0
Lipin Bor,85.0,RU,1644132707.0,96.0,60.2622,37.9763,7.86,7.85,1003.0
Lascahobas,5.0,HT,1644132708.0,91.0,18.8294,-71.9364,71.24,2.33,1016.0
Port Blair,40.0,IN,1644132517.0,66.0,11.6667,92.75,87.84,10.36,1011.0
Turan,75.0,VN,1644132682.0,69.0,16.0678,108.2208,75.18,0.0,1016.0
Jhajha,0.0,IN,1644132712.0,49.0,24.7667,86.3667,68.38,7.36,1015.0
Kaeo,100.0,NZ,1644132713.0,97.0,-35.1,173.7833,74.32,4.41,1008.0
Pangkalanbuun,100.0,ID,1644132715.0,81.0,-2.6833,111.6167,82.63,4.47,1006.0
Okha,100.0,RU,1644132716.0,88.0,53.5739,142.9478,0.75,19.69,1011.0
Samarai,85.0,PG,1644132717.0,76.0,-10.6167,150.6667,83.8,16.08,1006.0
Gonzalez,0.0,US,1644132719.0,84.0,30.5816,-87.2914,34.07,6.91,1027.0
Hay River,20.0,CA,1644132652.0,71.0,60.8156,-115.7999,-7.62,6.91,1014.0
Pendleton,0.0,US,1644132721.0,85.0,45.6721,-118.7886,37.22,5.75,1034.0
Esim,98.0,GH,1644132722.0,79.0,4.8699,-2.2405,80.64,4.61,1011.0
Charter Township of Clinton,51.0,US,1644132622.0,81.0,42.587,-82.9199,15.91,1.99,1031.0
Krotovka,100.0,RU,1644132725.0,95.0,53.2858,51.1686,24.35,2.98,1007.0
Meadow Lake,0.0,US,1644132705.0,52.0,34.8014,-106.5436,26.22,4.47,1025.0
Abbeville,100.0,FR,1644132727.0,88.0,50.1,1.8333,48.18,28.88,1011.0
Mercedes,10.0,AR,1644132729.0,96.0,-34.6515,-59.4307,55.69,7.7,1016.0
Prince Rupert,100.0,CA,1644132622.0,81.0,54.3161,-130.3201,42.89,20.71,1019.0
Lodja,53.0,CD,1644132732.0,53.0,-3.4833,23.4333,85.15,2.1,1013.0
Pustoshka,100.0,RU,1644132734.0,90.0,56.3355,29.369,32.43,8.99,1001.0
Great Falls,0.0,US,1644132520.0,76.0,47.5002,-111.3008,28.85,1.01,1028.0
Ponta do Sol,41.0,PT,1644132737.0,53.0,32.6667,-17.1,64.96,14.0,1024.0
Comodoro Rivadavia,0.0,AR,1644132739.0,67.0,-45.8667,-67.5,58.86,2.3,1016.0
Severobaykal'sk,100.0,RU,1644132740.0,93.0,55.65,109.3167,10.04,1.19,1027.0
Gorontalo,91.0,ID,1644132741.0,69.0,0.5412,123.0595,85.1,2.3,1007.0
Ramanathapuram,5.0,IN,1644132743.0,52.0,9.3833,78.8333,85.78,14.81,1012.0
Dhārchula,1.0,IN,1644132744.0,35.0,29.85,80.5333,61.68,5.64,1013.0
Quatre Cocos,100.0,MU,1644132745.0,76.0,-20.2078,57.7625,84.09,15.32,1012.0
Härnösand,100.0,SE,1644132747.0,94.0,62.6323,17.9379,24.03,13.62,973.0
Ystad,100.0,SE,1644132748.0,93.0,55.4297,13.8204,39.6,15.32,992.0
Pak Phanang,99.0,TH,1644132749.0,71.0,8.3511,100.202,89.62,8.5,1009.0
Itakyry,86.0,PY,1644132751.0,99.0,-24.9333,-55.2167,73.62,3.22,1011.0
Aripuanã,30.0,BR,1644132752.0,99.0,-9.1667,-60.6333,70.03,1.3,1010.0
Laguna,0.0,US,1644132755.0,80.0,38.421,-121.4238,44.31,1.01,1025.0
Hidrolândia,98.0,BR,1644132756.0,95.0,-4.4081,-40.4378,70.43,3.31,1011.0
Khoy,100.0,IR,1644132758.0,45.0,38.5504,44.9535,27.64,1.54,1025.0
Bridlington,100.0,GB,1644132760.0,78.0,54.0831,-0.1919,43.18,18.84,997.0
Constanța,0.0,RO,1644132510.0,75.0,44.1833,28.65,36.28,8.79,1024.0
Namtsy,100.0,RU,1644132762.0,100.0,62.7161,129.6658,-23.69,2.35,1028.0
Provideniya,0.0,RU,1644132764.0,73.0,64.3833,-173.3,-3.51,13.11,1018.0
Lang Suan,86.0,TH,1644132766.0,63.0,9.9456,99.0785,91.49,9.57,1009.0
Kahului,0.0,US,1644132591.0,79.0,20.8947,-156.47,72.64,13.8,1019.0
Fort Abbas,0.0,PK,1644132769.0,22.0,29.1925,72.8536,73.71,8.57,1013.0
Ust'-Omchug,34.0,RU,1644132770.0,81.0,61.15,149.6333,-21.21,1.95,1026.0
Nome,0.0,US,1644132656.0,65.0,64.5011,-165.4064,-5.73,3.44,1008.0
San Patricio,4.0,US,1644132773.0,80.0,28.017,-97.5169,38.03,2.15,1025.0
Wahiawā,75.0,US,1644132775.0,76.0,21.5028,-158.0236,70.48,6.98,1019.0
Tokur,91.0,RU,1644132776.0,96.0,53.1333,132.9,-10.91,3.33,1021.0
Elko,10.0,US,1644132622.0,68.0,41.0002,-115.5012,21.09,4.0,1030.0
Muros,97.0,ES,1644132779.0,88.0,42.7762,-9.0603,40.08,8.9,1031.0
Basildon,75.0,GB,1644132614.0,86.0,51.5684,0.4578,49.28,23.02,1003.0
Trairi,32.0,BR,1644132508.0,89.0,-3.2778,-39.2689,75.42,5.26,1010.0
Kokoda,100.0,PG,1644132783.0,87.0,-8.8785,147.7407,80.37,1.7,1010.0
Meulaboh,84.0,ID,1644132784.0,65.0,4.1363,96.1285,85.82,9.98,1008.0
Oruzgan,98.0,AF,1644132785.0,43.0,32.8333,66.0,48.96,7.2,1012.0
Arlit,0.0,NE,1644132787.0,15.0,18.7369,7.3853,65.43,10.11,1019.0
Saint-Pierre,0.0,RE,1644132788.0,66.0,-21.3393,55.4781,85.68,10.36,1009.0
Ponta Delgada,20.0,PT,1644132789.0,82.0,37.7333,-25.6667,59.72,14.97,1029.0
San Rafael,0.0,AR,1644132791.0,65.0,-34.6177,-68.3301,57.06,1.12,1019.0
Krumbach,100.0,DE,1644132792.0,63.0,48.2418,10.3632,36.34,20.92,1021.0
Nanortalik,100.0,GL,1644132794.0,52.0,60.1432,-45.2371,12.07,10.74,999.0
Tomatlán,13.0,MX,1644132796.0,83.0,19.9333,-105.25,63.01,2.95,1016.0
Bouillante,15.0,GP,1644132798.0,84.0,16.1304,-61.7692,69.03,9.57,1014.0
Kirando,100.0,TZ,1644132799.0,76.0,-7.4167,30.6,74.64,2.86,1013.0
Hambantota,20.0,LK,1644132800.0,43.0,6.1241,81.1185,89.94,11.5,1011.0
Aswān,0.0,EG,1644132802.0,38.0,24.0934,32.907,60.75,12.35,1025.0
Tiznit Province,13.0,MA,1644132803.0,23.0,29.5833,-9.5,59.99,5.88,1019.0
Nishihara,75.0,JP,1644132804.0,51.0,26.1842,127.7558,62.31,11.5,1023.0
Mana,100.0,GF,1644132806.0,90.0,5.6592,-53.7767,76.41,6.22,1010.0
Yumen,100.0,CN,1644132807.0,53.0,40.2833,97.2,20.75,22.46,1027.0
Lata,5.0,PT,1644132808.0,65.0,40.1629,-8.3327,40.42,5.12,1030.0
Makkah al Mukarramah,4.0,SA,1644132810.0,18.0,21.4267,39.8261,75.72,1.92,1017.0
Aykhal,100.0,RU,1644132811.0,100.0,66.0,111.5,-12.59,3.67,1020.0
Wamba,0.0,NG,1644132812.0,17.0,8.9333,8.6,80.42,0.98,1013.0
Port Hawkesbury,100.0,CA,1644132814.0,88.0,45.6169,-61.3485,14.59,19.57,1022.0
Ruteng,41.0,ID,1644132815.0,74.0,-8.6136,120.4721,72.34,2.95,1007.0
Broken Hill,40.0,AU,1644132816.0,21.0,-31.95,141.4333,83.91,20.71,1016.0
Tonj,100.0,SS,1644132818.0,12.0,7.2737,28.6822,79.39,9.84,1015.0
Licheng,100.0,CN,1644132819.0,58.0,23.2955,113.8284,57.13,3.24,1019.0
Illela,0.0,NG,1644132821.0,14.0,13.7292,5.2975,66.67,19.75,1016.0
Chardara,100.0,KZ,1644132822.0,69.0,41.2547,67.9692,48.49,13.71,1012.0
Batagay-Alyta,100.0,RU,1644132823.0,97.0,67.8006,130.4114,-22.76,2.21,1024.0
Port Moresby,40.0,PG,1644132825.0,62.0,-9.4431,147.1797,87.22,11.5,1007.0
Lucapa,51.0,AO,1644132826.0,75.0,-8.4192,20.7447,74.61,3.29,1014.0
Puerto Madero,0.0,MX,1644132827.0,83.0,14.7208,-92.4215,71.8,5.75,1013.0
Kochi,39.0,IN,1644132829.0,68.0,9.9399,76.2602,85.98,11.9,1012.0
Boston,0.0,US,1644132523.0,60.0,42.3584,-71.0598,11.46,8.01,1035.0
Moba,100.0,CN,1644132831.0,74.0,33.2288,105.0179,28.44,5.79,1019.0
Saint-Joseph,100.0,RE,1644132832.0,73.0,-21.3667,55.6167,84.58,14.5,1011.0
Portland,20.0,US,1644132768.0,93.0,45.5234,-122.6762,38.44,7.0,1032.0
Ulaanbaatar,40.0,MN,1644132836.0,48.0,47.9077,106.8832,10.53,6.71,1024.0
Torrevieja,100.0,ES,1644132691.0,80.0,37.9787,-0.6822,54.99,1.01,1027.0
Marzuq,32.0,YE,1644132838.0,19.0,14.4,46.4667,76.15,11.77,1017.0
Severo-Kuril'sk,100.0,RU,1644132840.0,83.0,50.6789,156.125,27.95,20.04,992.0
Māngrol,2.0,IN,1644132841.0,48.0,21.1167,70.1167,75.18,7.65,1014.0
Pālang,0.0,BD,1644132843.0,40.0,23.2167,90.35,69.84,4.45,1015.0
Palu,100.0,ID,1644132844.0,80.0,-0.8917,119.8707,84.09,1.39,1007.0
Chebarkul',100.0,RU,1644132845.0,85.0,54.9749,60.3633,19.83,3.85,1012.0
Padang,100.0,ID,1644132847.0,77.0,-0.9492,100.3543,89.65,3.71,1009.0
Kultayevo,0.0,RU,1644132848.0,73.0,57.8943,55.9392,18.97,15.99,1009.0
Uvira,90.0,CD,1644132849.0,74.0,-3.4067,29.1458,76.75,2.46,1016.0
Waingapu,28.0,ID,1644132852.0,67.0,-9.6567,120.2641,86.61,13.38,1006.0
Sisimiut,99.0,GL,1644132853.0,96.0,66.9395,-53.6735,-0.65,4.14,1008.0
Chuzhou,99.0,CN,1644132855.0,30.0,32.3219,118.2978,41.76,11.34,1029.0
Divnogorsk,100.0,RU,1644132856.0,83.0,55.9594,92.3619,28.74,4.5,1028.0
Daru,100.0,PG,1644132857.0,82.0,-9.0763,143.2092,82.04,11.54,1007.0
Belaya Gora,82.0,RU,1644132860.0,100.0,68.5333,146.4167,-39.68,0.4,1025.0
Butterworth,20.0,MY,1644132861.0,65.0,5.3991,100.3638,89.26,7.0,1009.0
Isabela,53.0,PH,1644132863.0,64.0,6.7085,121.9711,87.85,5.95,1007.0
Palora,100.0,EC,1644132864.0,98.0,-1.7,-77.9333,66.02,1.88,1011.0
Pontianak,75.0,ID,1644132865.0,79.0,-0.0333,109.3333,83.98,9.22,1006.0
Klaksvík,100.0,FO,1644132867.0,61.0,62.2266,-6.589,34.72,25.41,980.0
Kangaatsiaq,100.0,GL,1644132868.0,95.0,68.3065,-53.4641,-5.35,1.41,1008.0
Port Antonio,16.0,JM,1644132869.0,76.0,18.18,-76.4612,63.95,3.96,1015.0
Winchester,75.0,GB,1644132773.0,93.0,51.0651,-1.3187,48.99,10.0,1005.0
Olinda,40.0,BR,1644132872.0,69.0,-8.0089,-34.8553,80.33,3.44,1010.0
Barra do Garças,100.0,BR,1644132628.0,94.0,-15.89,-52.2567,71.56,3.0,1010.0
Roald,40.0,NO,1644132874.0,80.0,62.5833,6.1333,35.62,16.11,970.0
Yahotyn,100.0,UA,1644132876.0,89.0,50.2798,31.7625,32.92,11.74,1014.0
Mezen',88.0,RU,1644132877.0,92.0,65.8522,44.24,7.84,10.83,1008.0
Malatya Province,0.0,TR,1644132667.0,69.0,38.5,38.0,26.65,2.3,1023.0
Kodinsk,100.0,RU,1644132880.0,88.0,58.6881,99.1844,18.72,8.68,1024.0
Porosozero,100.0,RU,1644132881.0,93.0,62.7191,32.727,17.6,8.59,996.0
Olafsvik,42.0,IS,1644132882.0,66.0,64.8945,-23.7142,28.06,20.38,1001.0
Le Pradet,0.0,FR,1644132884.0,81.0,43.1066,6.0172,37.09,3.44,1023.0
Sur,0.0,OM,1644132885.0,28.0,22.5667,59.5289,82.53,2.21,1013.0
Pangnirtung,94.0,CA,1644132886.0,88.0,66.1451,-65.7125,-34.92,6.15,1012.0
Fagersta,26.0,SE,1644132888.0,77.0,60.0042,15.7932,33.98,12.3,980.0
Mafinga,100.0,TZ,1644132889.0,81.0,-7.25,35.0667,69.89,0.78,1014.0
Bogovarovo,100.0,RU,1644132890.0,93.0,58.9785,47.0246,21.76,4.34,1007.0
Bukachacha,9.0,RU,1644132893.0,84.0,52.9833,116.9167,8.2,3.56,1025.0
San Juan,6.0,AR,1644132596.0,58.0,-31.5375,-68.5364,61.72,2.42,1020.0
Acaraú,93.0,BR,1644132895.0,85.0,-2.8856,-40.12,77.41,8.16,1010.0
Inverell,28.0,AU,1644132897.0,52.0,-29.7833,151.1167,73.11,10.0,1018.0
Paamiut,100.0,GL,1644132898.0,85.0,61.994,-49.6678,-0.02,5.55,1002.0
Calabozo,100.0,VE,1644132899.0,54.0,8.9242,-67.4293,78.87,6.08,1009.0
Fort Nelson,100.0,CA,1644132901.0,78.0,58.8053,-122.7002,6.39,2.3,1006.0
Shahr-e Bābak,0.0,IR,1644132902.0,26.0,30.1165,55.1186,44.67,4.07,1016.0
Labuhan,100.0,ID,1644132903.0,81.0,-6.8844,112.2051,82.74,16.98,1005.0
Vila Velha,0.0,BR,1644132905.0,88.0,-20.3297,-40.2925,74.95,5.75,1013.0
Yulara,0.0,AU,1644132906.0,13.0,-25.2406,130.9889,91.24,8.05,1009.0
Sultānpur,0.0,IN,1644132908.0,44.0,26.2667,82.0667,68.36,6.87,1015.0
Vao,25.0,NC,1644132909.0,85.0,-22.6667,167.4833,80.67,8.08,1003.0
Kampot,45.0,KH,1644132910.0,44.0,10.6167,104.1833,87.85,6.35,1008.0
Sudak,85.0,UA,1644132912.0,86.0,44.85,34.9667,36.68,20.11,1017.0
Sinnamary,100.0,GF,1644132913.0,89.0,5.3833,-52.95,76.86,7.99,1010.0
Zhezkazgan,20.0,KZ,1644132914.0,73.0,47.8043,67.7144,15.78,20.13,1006.0
Kashin,100.0,RU,1644132916.0,93.0,57.3592,37.6081,11.93,8.34,1003.0
Puerto Padre,15.0,CU,1644132917.0,73.0,21.195,-76.6028,72.61,9.53,1016.0
Tarakan,40.0,ID,1644132918.0,94.0,3.3,117.6333,78.3,0.0,1008.0
Yangi Marg`ilon,100.0,UZ,1644132920.0,19.0,40.4272,71.7189,47.12,6.91,1006.0
Antalaha,35.0,MG,1644132921.0,55.0,-14.9003,50.2788,87.03,6.04,1006.0
Nortelândia,96.0,BR,1644132922.0,96.0,-14.4547,-56.8028,71.76,0.85,1011.0
Nyurba,100.0,RU,1644132924.0,98.0,63.2842,118.3319,-3.23,4.07,1020.0
Abhar,56.0,IR,1644132925.0,67.0,36.1468,49.218,34.07,11.36,1020.0
Olavarría,99.0,AR,1644132926.0,89.0,-36.8927,-60.3225,51.03,11.05,1023.0
Mozarlândia,100.0,BR,1644132928.0,93.0,-14.7447,-50.5706,72.77,4.88,1009.0
Caniço,75.0,PT,1644132929.0,85.0,32.6333,-16.85,63.84,1.99,1024.0
Sabang,58.0,ID,1644132932.0,76.0,5.8933,95.3214,81.97,13.96,1008.0
Kokopo,100.0,PG,1644132933.0,73.0,-4.352,152.2633,82.53,13.04,1007.0
Waynesville,0.0,US,1644132934.0,74.0,35.4887,-82.9887,24.13,1.99,1029.0
Morro Bay,2.0,US,1644132936.0,55.0,35.3658,-120.8499,50.07,8.01,1022.0
Decatur,0.0,US,1644132937.0,73.0,39.8403,-88.9548,17.8,14.97,1025.0
Gizo Government Station,79.0,SB,1644132938.0,73.0,-8.103,156.8419,85.1,11.72,1007.0
Presidencia Roque Sáenz Peña,14.0,AR,1644132940.0,58.0,-26.7852,-60.4388,67.64,9.53,1016.0
Evensk,3.0,RU,1644132941.0,54.0,61.95,159.2333,9.5,16.4,1018.0
Malakanagiri,37.0,IN,1644132942.0,13.0,18.35,81.9,88.34,4.43,1013.0
São Gabriel da Cachoeira,100.0,BR,1644132944.0,98.0,-0.1303,-67.0892,71.74,0.81,1009.0
Kirakira,90.0,SB,1644132945.0,84.0,-10.4544,161.9205,81.88,7.99,1008.0
Charters Towers,15.0,AU,1644132946.0,35.0,-20.1,146.2667,85.01,9.13,1008.0
Sola,100.0,VU,1644132948.0,79.0,-13.8833,167.55,81.7,12.06,1007.0
Leh,100.0,IN,1644132949.0,88.0,34.1667,77.5833,13.82,2.37,1024.0
Shakawe,50.0,BW,1644132950.0,61.0,-18.3667,21.85,76.75,12.08,1012.0
Taoudenni,92.0,ML,1644132952.0,14.0,22.6783,-3.9836,63.63,8.81,1019.0
Santa Inês,35.0,BR,1644132953.0,98.0,-3.6667,-45.38,71.96,1.92,1010.0
Glenwood Springs,100.0,US,1644132954.0,73.0,39.5505,-107.3248,22.1,5.75,1024.0
Vawkavysk,100.0,BY,1644132956.0,91.0,53.1561,24.4513,32.72,15.64,1007.0
Ivankiv,95.0,UA,1644132958.0,87.0,50.9386,29.8943,33.66,10.63,1013.0
Bodden Town,0.0,KY,1644132960.0,72.0,19.2833,-81.25,75.0,21.79,1015.0
Pestravka,100.0,RU,1644132961.0,96.0,52.405,49.9583,25.9,6.85,1007.0
Knysna,2.0,ZA,1644132962.0,43.0,-34.0363,23.0471,73.78,4.14,1012.0
San Angelo,0.0,US,1644132964.0,60.0,31.4638,-100.437,34.21,1.99,1020.0
Kumul,100.0,CN,1644132965.0,22.0,42.8,93.45,33.24,20.67,1025.0
Hūn,75.0,LY,1644132966.0,19.0,29.1268,15.9477,61.79,3.6,1025.0
Benghazi,5.0,LY,1644132968.0,62.0,32.1167,20.0667,61.65,7.43,1025.0
Requena,44.0,ES,1644132969.0,82.0,39.4883,-1.1004,41.22,1.7,1028.0
Verkhovazh'ye,100.0,RU,1644132970.0,91.0,60.7472,42.0465,15.17,5.75,1006.0
Yeppoon,12.0,AU,1644132972.0,62.0,-23.1333,150.7333,80.38,23.24,1011.0
Asheboro,0.0,US,1644132973.0,60.0,35.7079,-79.8136,25.39,1.99,1031.0
Broadstairs,100.0,GB,1644132974.0,78.0,51.3591,1.4394,49.12,13.0,1006.0
Bihārīganj,10.0,IN,1644132976.0,51.0,25.7333,86.9833,68.94,6.13,1015.0
Denizli Province,99.0,TR,1644132977.0,54.0,37.8402,29.0698,36.45,1.12,1024.0
Dudinka,80.0,RU,1644132980.0,100.0,69.4058,86.1778,-9.38,3.24,1025.0
Kuito,100.0,AO,1644132982.0,77.0,-12.3833,16.9333,60.15,4.59,1017.0
Ahipara,100.0,NZ,1644132818.0,97.0,-35.1667,173.1667,71.22,6.87,1008.0
Erice,20.0,IT,1644132985.0,87.0,38.037,12.5865,38.59,4.61,1022.0
Piteå,98.0,SE,1644132986.0,97.0,65.3172,21.4794,26.69,7.54,981.0
Bathurst,39.0,AU,1644132987.0,71.0,-33.4166,149.5806,62.96,1.01,1023.0
Itarema,94.0,BR,1644132989.0,85.0,-2.9248,-39.9167,76.96,7.36,1010.0
Adrar,0.0,MR,1644132990.0,11.0,20.5022,-10.0711,60.98,8.5,1016.0
Rēzekne,100.0,LV,1644132991.0,95.0,56.5,27.3167,32.52,13.09,1000.0
Nānākuli,0.0,US,1644132993.0,73.0,21.3906,-158.1547,73.85,4.61,1019.0
Laas,100.0,IT,1644132994.0,52.0,46.6166,10.7002,26.1,3.6,1024.0
Paso de los Toros,45.0,UY,1644132995.0,94.0,-32.8167,-56.5167,59.47,11.86,1012.0
Alekseyevka,100.0,RU,1644132997.0,95.0,50.6309,38.6903,27.23,10.18,1010.0
Kununurra,100.0,AU,1644132998.0,79.0,-15.7667,128.7333,84.18,4.61,1005.0
Sistranda,100.0,NO,1644132999.0,82.0,63.7256,8.834,33.76,31.03,968.0
Teguise,20.0,ES,1644133001.0,77.0,29.0605,-13.564,61.02,13.8,1017.0
Banepā,20.0,NP,1644133002.0,44.0,27.6298,85.5214,57.52,3.44,1017.0
Vysokogornyy,100.0,RU,1644133005.0,99.0,50.1167,139.15,-4.61,4.34,1018.0
Plouzané,100.0,FR,1644133006.0,90.0,48.3833,-4.6167,50.94,19.57,1021.0
Tshikapa,75.0,CD,1644133007.0,72.0,-6.4167,20.8,80.46,1.61,1013.0
Gundlupēt,10.0,IN,1644133009.0,33.0,11.8,76.6833,81.77,5.28,1011.0
